episode,mean_return,std_return,min_return,max_return,returns
100,-115.63922808021307,3.370138026678746,-121.25762099027634,-112.32328359782696,"[-114.8769922927022, -112.37310553342104, -121.25762099027634, -117.36513798683882, -112.32328359782696]"
200,183.391490912647,120.06515510706932,37.30030649504624,315.68967498932034,"[37.30030649504624, 315.68967498932034, 190.43576460517943, 58.00178853457328, 315.52991993911564]"
300,324.40202896781267,0.5143064569486512,323.87057497445494,325.33363237511367,"[324.49060338689014, 325.33363237511367, 323.87057497445494, 324.30759450467303, 324.0077395979315]"
400,318.31504383161666,0.5259500820738643,317.5684645017609,318.9971720483154,"[318.9971720483154, 317.88712842576206, 317.5684645017609, 318.3937250683084, 318.7287291139364]"
500,274.3841132245492,96.77042277625807,80.84550624527037,323.5429631732404,"[80.84550624527037, 323.5429631732404, 322.57373111485504, 322.85200674366206, 322.1063588457182]"
600,325.3781692825258,0.15736237157073674,325.10901557607576,325.52321441471577,"[325.29698932822794, 325.44426975864917, 325.52321441471577, 325.51735733496025, 325.10901557607576]"
700,324.1109098448418,0.20074686420072432,323.91185732744634,324.4784521292895,"[323.91185732744634, 324.1615166487172, 324.4784521292895, 323.99076487123966, 324.0119582475163]"
